,PC1,PC2
Diameter (nm),0.33094017114100127,-0.5975570707796157
Zeta potential (mV),0.51751542644493,0.1504733032189044
Concentration (g/L),-0.5125468942103029,0.23268354994367066
Viability (%),0.5676018760216879,0.17035303368386417
Electronegativity,0.19437123781239019,0.7328857630490533
